{"cameraMode":{"drawMode":0,"name":"Shaded","section":"Shading Mode"},"sceneLighting":true,"audioPlay":false,"sceneViewState":{"showFog":true,"showMaterialUpdate":false,"showSkybox":true,"showFlares":true,"showImageEffects":true,"showParticleSystems":true},"in2DMode":false,"pivot":{"x":82.83728790283203,"y":27.717559814453126,"z":64.42562103271485},"rotation":{"x":-0.16281364858150483,"y":-0.6798302531242371,"z":-0.15889501571655274,"w":0.6972532868385315},"size":0.8570009469985962,"orthographic":false}