{"cameraMode":{"drawMode":0,"name":"Shaded","section":"Shading Mode"},"sceneLighting":true,"audioPlay":false,"sceneViewState":{"showFog":true,"showMaterialUpdate":false,"showSkybox":true,"showFlares":true,"showImageEffects":true,"showParticleSystems":true},"in2DMode":false,"pivot":{"x":0.68017578125,"y":-1.2774658203125,"z":-2.162109375},"rotation":{"x":0.026986684650182725,"y":-0.026989445090293886,"z":0.0007417474989779294,"w":0.9992972612380981},"size":6.892422199249268,"orthographic":true}