{"cameraMode":{"drawMode":0,"name":"Shaded","section":"Shading Mode"},"sceneLighting":true,"audioPlay":false,"sceneViewState":{"showFog":true,"showMaterialUpdate":false,"showSkybox":true,"showFlares":true,"showImageEffects":true,"showParticleSystems":true},"in2DMode":false,"pivot":{"x":-0.6000000238418579,"y":2.3399999141693117,"z":-14.450000762939454},"rotation":{"x":0.18128488957881928,"y":0.4494657814502716,"z":-0.09368467330932617,"w":0.8697067499160767},"size":3.9650347232818605,"orthographic":true}